experiment,case,nodes,links,diameter,avg_degree,hello_ms,dead_ms,valid,rejected,conv_mean_ms,conv_min_ms,conv_max_ms,update_msgs,update_bytes,route_changes,loop_episodes,loop_ms
size,"ring4",4,4,2,2,1000,4000,10,0,3472.69,3213.3,3743.1,6,384,6,0,0
size,"ring6",6,6,3,2,1000,4000,10,0,3474.7,3215.3,3745.11,10,640,12,0,0
size,"ring8",8,8,4,2,1000,4000,10,0,3476.71,3217.32,3747.12,14,896,20,0,0
size,"ring12",12,12,6,2,1000,4000,10,0,3480.73,3221.34,3751.14,22,1408,42,0,0
size,"ring16",16,16,8,2,1000,4000,10,0,3484.75,3225.36,3755.16,30,1920,72,0,0
size,"ring24",24,24,12,2,1000,4000,10,0,3492.79,3233.39,3763.2,46,2944,156,0,0
size,"ring32",32,32,16,2,1000,4000,10,0,3500.83,3241.43,3771.24,62,3968,272,0,0
timers,"250ms",12,12,6,2,250,1000,10,0,977.412,921.793,1033.26,22,1408,42,0,0
timers,"500ms",12,12,6,2,500,2000,10,0,1841.53,1721.34,2030.93,22,1408,42,0,0
timers,"1000ms",12,12,6,2,1000,4000,10,0,3480.73,3221.34,3751.14,22,1408,42,0,0
timers,"2000ms",12,12,6,2,2000,8000,10,0,6649.95,6221.34,7511.98,22,1408,42,0,0
timers,"4000ms",12,12,6,2,4000,16000,10,0,13007.7,12221.3,14351.1,22,1408,42,0,0
density,"ring12",12,12,6,2,1000,4000,10,0,3480.73,3221.34,3751.14,22,1408,42,0,0
density,"mesh3x4",12,17,5,2.83333,1000,4000,10,0,3421.47,3219.42,3788.19,42,3696,40,0,0
density,"mesh2x6",12,16,6,2.66667,1000,4000,10,0,3520.55,3144.64,3952.2,38,2888,54,0,0
density,"full12",12,66,1,11,1000,4000,10,0,3471.71,3212.31,3742.12,238,40936,2,0,0
failure-type,"ring12/link, both ways",12,12,6,2,1000,4000,10,0,3710.2,3304.91,4121.51,22,1408,42,1,154.098
failure-type,"ring12/link, one way only",12,12,6,2,1000,4000,10,0,3862.68,3331.07,4234.25,22,1408,42,1,153.421
failure-type,"ring12/node",12,12,6,2,1000,4000,10,0,3858.33,3331.07,4230.23,20,1280,56.2,1,150.722
failure-type,"mesh4x4/link, both ways",16,24,6,3,1000,4000,10,0,3654.58,3306.44,4238.67,62,5456,48,0,0
failure-type,"mesh4x4/link, one way only",16,24,6,3,1000,4000,10,0,3860.51,3306.44,4238.67,62,5456,48,0,0
failure-type,"mesh4x4/node",16,24,6,3,1000,4000,10,0,3858.94,3304.43,4236.66,104,8528,114.2,0.3,19.501
failure-type,"fattree4/link, both ways",20,32,4,3.2,1000,4000,10,0,3605.07,3319.04,3953.62,86,6536,48,0.5,35.0023
failure-type,"fattree4/link, one way only",20,32,4,3.2,1000,4000,10,0,3726.82,3319.04,4096.62,86,6536,48,0.5,35.4047
failure-type,"fattree4/node",20,32,4,3.2,1000,4000,10,0,3725.7,3319.04,4096.62,152,11552,127.5,1,65.4342
